  [
  {
    "imagen": "https://www.ibertransit.com/img/empresa.jpg",
    "titulo": "empresa de transporte",
    "link": "#"
  },
  {
    "imagen": "https://www.latinscorts.com/imagenes/logo.png",
    "titulo": " musica cristiana",
    "link": "https://www.latinscorts.com"
  },
  {
    "imagen":"https://previews.123rf.com/images/madozi/madozi1311/madozi131100020/23858014-antigua-ilustraci%C3%B3n-llave-de-oro-sobre-fondo-blanco.jpg",
    "titulo":"industria bioquimica",
    "link":"#"
  },
  {
    "imagen":"https://i0.wp.com/plumasatomicas.com/wp-content/uploads/2019/07/gatitos.jpeg?fit=800%2C450&ssl=1",
    "titulo":"corazon grande",
    "link":"#"
  }

]
